food_id,name,fdc_id,source_database,source_dataset,source_data_type,source_food_name,publication_date,download_date,match_status,imputed_fields,gi_value,gi_status,notes
U001,Brown rice,169704,USDA FoodData Central,sr_legacy,sr_legacy_food,"Rice, brown, long-grain, cooked (Includes foods for USDA's Food Distribution Program)",2019-04-01,2026-05-26,manual_override_candidate,added_sugar_g,50,estimated_from_legacy_table,Parallel USDA candidate dataset; legacy v2 table is unchanged.
U002,Oatmeal,173905,USDA FoodData Central,sr_legacy,sr_legacy_food,"Cereals, oats, regular and quick, unenriched, cooked with water (includes boiling and microwaving), without salt",2019-04-01,2026-05-26,manual_override_candidate,added_sugar_g,55,estimated_from_legacy_table,Parallel USDA candidate dataset; legacy v2 table is unchanged.
U003,Whole wheat bread,172688,USDA FoodData Central,sr_legacy,sr_legacy_food,"Bread, whole-wheat, commercially prepared",2019-04-01,2026-05-26,manual_override_candidate,added_sugar_g,50,estimated_from_legacy_table,Parallel USDA candidate dataset; legacy v2 table is unchanged.
U004,White rice,168882,USDA FoodData Central,sr_legacy,sr_legacy_food,"Rice, white, short-grain, enriched, cooked",2019-04-01,2026-05-26,automatic_candidate_needs_manual_review,fiber_g;added_sugar_g,83,estimated_from_legacy_table,Parallel USDA candidate dataset; legacy v2 table is unchanged.
U005,Broccoli,169967,USDA FoodData Central,sr_legacy,sr_legacy_food,"Broccoli, cooked, boiled, drained, without salt",2019-04-01,2026-05-26,manual_override_candidate,added_sugar_g,15,category_proxy_nonstarchy_vegetable,Parallel USDA candidate dataset; legacy v2 table is unchanged.
U006,Spinach,168463,USDA FoodData Central,sr_legacy,sr_legacy_food,"Spinach, cooked, boiled, drained, without salt",2019-04-01,2026-05-26,manual_override_candidate,added_sugar_g,15,category_proxy_nonstarchy_vegetable,Parallel USDA candidate dataset; legacy v2 table is unchanged.
U007,Tomato,170457,USDA FoodData Central,sr_legacy,sr_legacy_food,"Tomatoes, red, ripe, raw, year round average",2019-04-01,2026-05-26,manual_override_candidate,added_sugar_g,15,category_proxy_nonstarchy_vegetable,Parallel USDA candidate dataset; legacy v2 table is unchanged.
U008,Banana,173944,USDA FoodData Central,sr_legacy,sr_legacy_food,"Bananas, raw",2019-04-01,2026-05-26,automatic_candidate_needs_manual_review,added_sugar_g,51,estimated_from_legacy_table,Parallel USDA candidate dataset; legacy v2 table is unchanged.
U009,Apple,171688,USDA FoodData Central,sr_legacy,sr_legacy_food,"Apples, raw, with skin (Includes foods for USDA's Food Distribution Program)",2019-04-01,2026-05-26,manual_override_candidate,added_sugar_g,36,estimated_from_legacy_table,Parallel USDA candidate dataset; legacy v2 table is unchanged.
U010,Chicken breast,171140,USDA FoodData Central,sr_legacy,sr_legacy_food,"Chicken, broiler or fryers, breast, skinless, boneless, meat only, cooked, braised",2019-04-01,2026-05-26,automatic_candidate_needs_manual_review,added_sugar_g,0,non_carbohydrate_food_proxy,Parallel USDA candidate dataset; legacy v2 table is unchanged.
U011,Salmon,172000,USDA FoodData Central,sr_legacy,sr_legacy_food,"Fish, salmon, chum, cooked, dry heat",2019-04-01,2026-05-26,automatic_candidate_needs_manual_review,added_sugar_g,0,non_carbohydrate_food_proxy,Parallel USDA candidate dataset; legacy v2 table is unchanged.
U012,Tofu,172461,USDA FoodData Central,sr_legacy,sr_legacy_food,"MORI-NU, Tofu, silken, firm",2019-04-01,2026-05-26,automatic_candidate_needs_manual_review,added_sugar_g,15,category_proxy_legume_soy,Parallel USDA candidate dataset; legacy v2 table is unchanged.
U013,Lentils cooked,175254,USDA FoodData Central,sr_legacy,sr_legacy_food,"Lentils, mature seeds, cooked, boiled, with salt",2019-04-01,2026-05-26,automatic_candidate_needs_manual_review,added_sugar_g,32,estimated_from_legacy_table,Parallel USDA candidate dataset; legacy v2 table is unchanged.
U014,Canned soup,2707127,USDA FoodData Central,survey,survey_fndds_food,"Soup, beef, canned",2022-10-28,2026-05-26,automatic_candidate_needs_manual_review,added_sugar_g,60,category_proxy_composite_processed,Parallel USDA candidate dataset; legacy v2 table is unchanged.
U015,Low-fat yogurt,170886,USDA FoodData Central,sr_legacy,sr_legacy_food,"Yogurt, plain, low fat",2019-04-01,2026-05-26,automatic_candidate_needs_manual_review,added_sugar_g,35,estimated_from_legacy_table,Parallel USDA candidate dataset; legacy v2 table is unchanged.
U016,Quinoa cooked,168917,USDA FoodData Central,sr_legacy,sr_legacy_food,"Quinoa, cooked",2019-04-01,2026-05-26,automatic_candidate_needs_manual_review,added_sugar_g,53,estimated_from_legacy_table,Parallel USDA candidate dataset; legacy v2 table is unchanged.
U017,Whole wheat pasta,168916,USDA FoodData Central,sr_legacy,sr_legacy_food,"Pasta, whole grain, 51% whole wheat, remaining unenriched semolina, cooked",2019-04-01,2026-05-26,automatic_candidate_needs_manual_review,added_sugar_g,48,estimated_from_legacy_table,Parallel USDA candidate dataset; legacy v2 table is unchanged.
U018,Corn,168540,USDA FoodData Central,sr_legacy,sr_legacy_food,"Corn, sweet, white, cooked, boiled, drained, with salt",2019-04-01,2026-05-26,automatic_candidate_needs_manual_review,added_sugar_g,52,estimated_from_legacy_table,Parallel USDA candidate dataset; legacy v2 table is unchanged.
U019,Potato baked,170112,USDA FoodData Central,sr_legacy,sr_legacy_food,"Potatoes, baked, flesh, with salt",2019-04-01,2026-05-26,automatic_candidate_needs_manual_review,added_sugar_g,85,estimated_from_legacy_table,Parallel USDA candidate dataset; legacy v2 table is unchanged.
U020,Sweet potato baked,168483,USDA FoodData Central,sr_legacy,sr_legacy_food,"Sweet potato, cooked, baked in skin, flesh, without salt",2019-04-01,2026-05-26,manual_override_candidate,added_sugar_g,61,estimated_from_legacy_table,Parallel USDA candidate dataset; legacy v2 table is unchanged.
U021,Kale,169355,USDA FoodData Central,sr_legacy,sr_legacy_food,"Kale, cooked, boiled, drained, with salt",2019-04-01,2026-05-26,automatic_candidate_needs_manual_review,added_sugar_g,15,category_proxy_nonstarchy_vegetable,Parallel USDA candidate dataset; legacy v2 table is unchanged.
U022,Carrot,170393,USDA FoodData Central,sr_legacy,sr_legacy_food,"Carrots, raw",2019-04-01,2026-05-26,automatic_candidate_needs_manual_review,added_sugar_g,39,estimated_from_legacy_table,Parallel USDA candidate dataset; legacy v2 table is unchanged.
U023,Cucumber,169225,USDA FoodData Central,sr_legacy,sr_legacy_food,"Cucumber, peeled, raw",2019-04-01,2026-05-26,automatic_candidate_needs_manual_review,added_sugar_g,15,category_proxy_nonstarchy_vegetable,Parallel USDA candidate dataset; legacy v2 table is unchanged.
U024,Mushroom,169251,USDA FoodData Central,sr_legacy,sr_legacy_food,"Mushrooms, white, raw",2019-04-01,2026-05-26,manual_override_candidate,added_sugar_g,15,category_proxy_nonstarchy_vegetable,Parallel USDA candidate dataset; legacy v2 table is unchanged.
U025,Romaine lettuce,169247,USDA FoodData Central,sr_legacy,sr_legacy_food,"Lettuce, cos or romaine, raw",2019-04-01,2026-05-26,automatic_candidate_needs_manual_review,added_sugar_g,15,category_proxy_nonstarchy_vegetable,Parallel USDA candidate dataset; legacy v2 table is unchanged.
U026,Orange,169918,USDA FoodData Central,sr_legacy,sr_legacy_food,"Oranges, raw, Florida",2019-04-01,2026-05-26,automatic_candidate_needs_manual_review,added_sugar_g,43,estimated_from_legacy_table,Parallel USDA candidate dataset; legacy v2 table is unchanged.
U027,Grapes,2709237,USDA FoodData Central,survey,survey_fndds_food,"Grapes, raw",2022-10-28,2026-05-26,manual_override_candidate,added_sugar_g,53,estimated_from_legacy_table,Parallel USDA candidate dataset; legacy v2 table is unchanged.
U028,Strawberries,167762,USDA FoodData Central,sr_legacy,sr_legacy_food,"Strawberries, raw",2019-04-01,2026-05-26,automatic_candidate_needs_manual_review,added_sugar_g,40,estimated_from_legacy_table,Parallel USDA candidate dataset; legacy v2 table is unchanged.
U029,Avocado,171707,USDA FoodData Central,sr_legacy,sr_legacy_food,"Avocados, raw, Florida",2019-04-01,2026-05-26,automatic_candidate_needs_manual_review,added_sugar_g,15,category_proxy_low_carb_fruit,Parallel USDA candidate dataset; legacy v2 table is unchanged.
U030,Orange juice,169098,USDA FoodData Central,sr_legacy,sr_legacy_food,"Orange juice, raw (Includes foods for USDA's Food Distribution Program)",2019-04-01,2026-05-26,manual_override_candidate,added_sugar_g,50,estimated_from_legacy_table,Parallel USDA candidate dataset; legacy v2 table is unchanged.
U031,Egg,173423,USDA FoodData Central,sr_legacy,sr_legacy_food,"Egg, whole, cooked, fried",2019-04-01,2026-05-26,automatic_candidate_needs_manual_review,added_sugar_g,0,non_carbohydrate_food_proxy,Parallel USDA candidate dataset; legacy v2 table is unchanged.
U032,Turkey breast,171496,USDA FoodData Central,sr_legacy,sr_legacy_food,"Turkey, whole, breast, meat only, cooked, roasted",2019-04-01,2026-05-26,automatic_candidate_needs_manual_review,added_sugar_g,0,non_carbohydrate_food_proxy,Parallel USDA candidate dataset; legacy v2 table is unchanged.
U033,Lean beef,173114,USDA FoodData Central,sr_legacy,sr_legacy_food,"Beef, ground, 97% lean meat / 3% fat, loaf, cooked, baked",2019-04-01,2026-05-26,automatic_candidate_needs_manual_review,added_sugar_g,0,non_carbohydrate_food_proxy,Parallel USDA candidate dataset; legacy v2 table is unchanged.
U034,Pork tenderloin,168250,USDA FoodData Central,sr_legacy,sr_legacy_food,"Pork, fresh, loin, tenderloin, separable lean only, cooked, roasted",2019-04-01,2026-05-26,automatic_candidate_needs_manual_review,added_sugar_g,0,non_carbohydrate_food_proxy,Parallel USDA candidate dataset; legacy v2 table is unchanged.
U035,Shrimp,175180,USDA FoodData Central,sr_legacy,sr_legacy_food,"Crustaceans, shrimp, cooked",2019-04-01,2026-05-26,automatic_candidate_needs_manual_review,fiber_g;added_sugar_g,0,non_carbohydrate_food_proxy,Parallel USDA candidate dataset; legacy v2 table is unchanged.
U036,Sardines canned,175139,USDA FoodData Central,sr_legacy,sr_legacy_food,"Fish, sardine, Atlantic, canned in oil, drained solids with bone",2019-04-01,2026-05-26,automatic_candidate_needs_manual_review,added_sugar_g,0,non_carbohydrate_food_proxy,Parallel USDA candidate dataset; legacy v2 table is unchanged.
U037,Milk low-fat,170872,USDA FoodData Central,sr_legacy,sr_legacy_food,"Milk, lowfat, fluid, 1% milkfat, with added vitamin A and vitamin D",2019-04-01,2026-05-26,manual_override_candidate,added_sugar_g,30,estimated_from_legacy_table,Parallel USDA candidate dataset; legacy v2 table is unchanged.
U038,Cheddar cheese,170899,USDA FoodData Central,sr_legacy,sr_legacy_food,"Cheese, cheddar, sharp, sliced",2019-04-01,2026-05-26,automatic_candidate_needs_manual_review,added_sugar_g,0,non_carbohydrate_food_proxy,Parallel USDA candidate dataset; legacy v2 table is unchanged.
U039,Cottage cheese,172182,USDA FoodData Central,sr_legacy,sr_legacy_food,"Cheese, cottage, lowfat, 2% milkfat",2019-04-01,2026-05-26,manual_override_candidate,added_sugar_g,10,category_proxy_dairy_low_carb,Parallel USDA candidate dataset; legacy v2 table is unchanged.
U040,Chickpeas cooked,173799,USDA FoodData Central,sr_legacy,sr_legacy_food,"Chickpeas (garbanzo beans, bengal gram), mature seeds, cooked, boiled, with salt",2019-04-01,2026-05-26,automatic_candidate_needs_manual_review,added_sugar_g,28,estimated_from_legacy_table,Parallel USDA candidate dataset; legacy v2 table is unchanged.
U041,Black beans cooked,175237,USDA FoodData Central,sr_legacy,sr_legacy_food,"Beans, black, mature seeds, cooked, boiled, with salt",2019-04-01,2026-05-26,automatic_candidate_needs_manual_review,added_sugar_g,30,estimated_from_legacy_table,Parallel USDA candidate dataset; legacy v2 table is unchanged.
U042,Almonds,2346393,USDA FoodData Central,foundation,foundation_food,"Nuts, almonds, whole, raw",2022-10-28,2026-05-26,automatic_candidate_needs_manual_review,energy_kcal;added_sugar_g,15,category_proxy_nut,Parallel USDA candidate dataset; legacy v2 table is unchanged.
U043,Peanut butter,169869,USDA FoodData Central,sr_legacy,sr_legacy_food,"Peanut butter, reduced sodium",2019-04-01,2026-05-26,automatic_candidate_needs_manual_review,added_sugar_g,14,estimated_from_legacy_table,Parallel USDA candidate dataset; legacy v2 table is unchanged.
U044,Ham,2705878,USDA FoodData Central,survey,survey_fndds_food,Ham,2022-10-28,2026-05-26,automatic_candidate_needs_manual_review,added_sugar_g,0,non_carbohydrate_food_proxy,Parallel USDA candidate dataset; legacy v2 table is unchanged.
U045,Ramen noodles,2709153,USDA FoodData Central,survey,survey_fndds_food,"Ramen bowl, NFS",2022-10-28,2026-05-26,manual_override_candidate,added_sugar_g,70,estimated_from_legacy_table,Parallel USDA candidate dataset; legacy v2 table is unchanged.
U046,Pepperoni pizza,2708642,USDA FoodData Central,survey,survey_fndds_food,"Pizza with pepperoni, stuffed crust",2022-10-28,2026-05-26,automatic_candidate_needs_manual_review,added_sugar_g,60,category_proxy_composite_processed,Parallel USDA candidate dataset; legacy v2 table is unchanged.
U047,Salted crackers,2708167,USDA FoodData Central,survey,survey_fndds_food,"Crackers, saltine",2022-10-28,2026-05-26,automatic_candidate_needs_manual_review,added_sugar_g,74,estimated_from_legacy_table,Parallel USDA candidate dataset; legacy v2 table is unchanged.
U048,Potato chips,2709421,USDA FoodData Central,survey,survey_fndds_food,"Potato chips, NFS",2022-10-28,2026-05-26,automatic_candidate_needs_manual_review,added_sugar_g,56,estimated_from_legacy_table,Parallel USDA candidate dataset; legacy v2 table is unchanged.
U049,Soda,173199,USDA FoodData Central,sr_legacy,sr_legacy_food,"Carbonated beverage, cream soda",2019-04-01,2026-05-26,automatic_candidate_needs_manual_review,added_sugar_g,63,estimated_from_legacy_table,"Selected soda entry is cream soda. It is acceptable as sugar-sweetened soda, but not specifically cola."
U050,Cookies,2707899,USDA FoodData Central,survey,survey_fndds_food,"Cookie, NFS",2022-10-28,2026-05-26,automatic_candidate_needs_manual_review,added_sugar_g,70,category_proxy_sweet_baked_food,Parallel USDA candidate dataset; legacy v2 table is unchanged.
U051,Chocolate cake,2707868,USDA FoodData Central,survey,survey_fndds_food,"Cake or cupcake, chocolate, no icing",2022-10-28,2026-05-26,manual_override_candidate,added_sugar_g,60,category_proxy_sweet_baked_food,Parallel USDA candidate dataset; legacy v2 table is unchanged.
U052,Sweetened cereal,173927,USDA FoodData Central,sr_legacy,sr_legacy_food,"Cereals ready-to-eat, MOM'S BEST, Sweetened WHEAT-FULS",2019-04-01,2026-05-26,automatic_candidate_needs_manual_review,added_sugar_g,75,category_proxy_sweetened_cereal,Selected sweetened cereal is a specific branded ready-to-eat cereal. This is acceptable for a high-sugar cereal case but should be described as a USDA candidate entry.
U053,Bagel,174899,USDA FoodData Central,sr_legacy,sr_legacy_food,"Bagels, plain, enriched, with calcium propionate (includes onion, poppy, sesame)",2019-04-01,2026-05-26,automatic_candidate_needs_manual_review,added_sugar_g,72,estimated_from_legacy_table,Parallel USDA candidate dataset; legacy v2 table is unchanged.
U054,Tuna canned in water,175158,USDA FoodData Central,sr_legacy,sr_legacy_food,"Fish, tuna, white, canned in water, drained solids",2019-04-01,2026-05-26,automatic_candidate_needs_manual_review,added_sugar_g,0,non_carbohydrate_food_proxy,Parallel USDA candidate dataset; legacy v2 table is unchanged.
U055,Edamame,2707436,USDA FoodData Central,survey,survey_fndds_food,"Edamame, cooked",2022-10-28,2026-05-26,automatic_candidate_needs_manual_review,added_sugar_g,18,estimated_from_legacy_table,Parallel USDA candidate dataset; legacy v2 table is unchanged.
